[
    {"id":1, "name":"Chicken Burger", "price": 8.8},
    {"id":2, "name":"Hotouch Burger", "price": 11.1},
    {"id":3, "name":"Tower Burger", "price": 13.8},
    {"id":4, "name":"Fish Fillet Burger", "price": 11.25},

    {"id":5, "name":"Lucky Plate", "price": 11.9},
    {"id":6, "name":"Chick-A-Licious", "price": 13.3},
    {"id":7, "name":"Chick-A-Mix", "price": 11.9},
    {"id":8, "name":"Fish n Chips", "price": 13.9},

    {"id":9, "name":"Nasi MarryBrown", "price": 9.9},
    {"id":10, "name":"Nasi Ayam MB", "price": 10.3},
    {"id":11, "name":"Mi Kari MB", "price": 9.5},
    {"id":12, "name":"Chicken Porridge", "price": 6.5},
    {"id":13, "name":"Seafood Porridge", "price": 8.8}
]